URL,Name,Price,Rating,Reviews,Description,ASIN,Manufecturer,Image_url
https://www.amazon.sa//-/en/Eacam-Stainless-Processor-Vegetables-Restaurants/dp/B09F36WPK7/ref=sr_1_52?qid=1686411429&s=home&sr=1-52,"        Eacam Electric Meat Grinder, 2L Multi Function Stainless Steel Kitchen Food Processor for Meat Vegetables Onion Garlic Fruits Nuts 2-Speed Control Food Chopper for Home Kitchen Restaurants       ",58,3.1 out of 5 stars,130 ratings,"   üçì„Äê2L Electric Meat Grinder„Äë: S-shaped sharp 4D blades ensure the food be cut quickly and evenly from every angle of 360 degrees. 2L large capacity stainless steel bowl is stronger, healthier and shock-proof.     üçì„ÄêDual Speed Control„Äë: Offers high/ low speed for easy switching, which is suitable for both soft or hard food and can meet different cooking needs.     üçì„ÄêMulti Function Food Processor„Äë: Applicable to home kitchens or restaurants, easily grinding meat, vegetables, ingredients, fruits, nuts, complementary food and more.     üçì„ÄêHigh Quality Stainless Steel„Äë: Thick stainless steel shell, rustproof, sturdy and durable, waterproof and dustproof, easy to clean.     üçì„ÄêExcellent Performance„Äë: Powerful motor, 5-teeth stable shaft and safety clasp provide high performance, which makes it stable and quiet to use, wear resistant.    ", B09F36WPK7 ,360¬∞ mart,https://m.media-amazon.com/images/I/6127dAsbWTS._AC_SY450_.jpg
https://www.amazon.sa//-/en/HandFan-Personal-Poratable-Rechargeable-180%C2%B0Foldable/dp/B06XWRGR2H/ref=sr_1_53?qid=1686411429&s=home&sr=1-53,"        HandFan Personal Misting Fan, 55ml Large Water Tank, Poratable Handheld Rechargeable Mister Fan, Battery Operated Mist Fan, 180¬∞Foldable, 3 Speeds, for Travel, Camping, Outdoors, Makeup(Black)       ",59,4.3 out of 5 stars,"1,262 ratings","   [High Efficiency Battery] Built-in 2000mAh rechargeable battery that works for 3-9 hours,can via the USB cable or computer and any other devices with USB output Rechargeable.     [Personalized Humidifier] Press three seconds to open the spray, 55ML water tank, spray longer. At the same time, the fan speed sprays 8ML / min, the accelerated cooling air, with a beautiful humidifying effect.     [High Wind Speed] Three speed adjustment, 6 fan blades work, wind speed up to 5m /s, spray mode can replenish your moisture after sweating, very suitable for use after sports.     [Portable Design] The fan can be held in the hand, benchtop, or hung from an umbrella. And it fits easily into a bag, suitable for office, home, dormitory, study, library, or outdoor activities beach trips, humidification anytime, anywhere.     [Perfect Present] This Is a summer gift for friends and family. Accessories include kettles, cords, power cords, and other accessories.    ", B06XWRGR2H ,Smart Pera,https://m.media-amazon.com/images/I/71kdExBf7SL._AC_SY450_.jpg
https://www.amazon.sa//-/en/MIBRU-Professional-Utensils-Specialist-%D8%A8%D8%A7%D9%84%D8%AA%D9%82%D8%B7%D9%8A%D8%B1/dp/B0BYVKZ6YG/ref=sr_1_54?qid=1686411429&s=home&sr=1-54,"        MIBRU V60 Drip Coffee Set Drip Coffee Maker Set Professional Coffee Machine Drip Set of 3 Drip Utensils Drip Coffee Machine, Fast Brewing Specialist ÿ∑ŸÇŸÖ ÿ®ÿßŸÑÿ™ŸÇÿ∑Ÿäÿ±       ",65,4.1 out of 5 stars,9 ratings,"   ‚òïProfessional Coffee Drip Kit for Drip Coffee Lovers and Enthusiasts Barista Be Home Perfect Gift     ‚òïMIBRU Coffee Filters V60 Cone Paper Brown Natural 100pcs Coffee Filters Unbleached Paper Filters Compatible with Pour Over Drippers 2-4 Cups Size 02 ŸÅŸÑÿßÿ™ÿ± ŸÇŸáŸàÿ© v60     ‚òïFunnel filtering distilled coffee-Glass wooden base ŸÇŸÖÿπ ÿ™ŸÇÿ∑Ÿäÿ±     ‚òïV60 Coffee Server | Heat Resistant Glass Pot | Pour Over Coffee Tea Server | Kettle Coffee Maker Teapot | Hand Drip Pour Over Coffee Maker 650ML ÿ≥Ÿäÿ±ŸÅÿ± ÿßÿ®ÿ±ŸäŸÇ ÿ®ÿßŸÑÿ™ŸÇÿ∑Ÿäÿ±     ‚òï„ÄêMIBRU Customer Satisfaction „ÄëWe are a manufacturer focus on coffee tools want to make every effort to make sure that our customers enjoy nice purchase experience. If you have any problem With our products please contact us first, we would try our best to help you, we don't compromise even a single percent on customer satisfaction that's we offer 100% money back guarantee to our customers. If you are not satisfied, you can easily return and can get your money back without any worries.    ", B0BYVKZ6YG ,Jumla Tech,https://m.media-amazon.com/images/I/81zDOA-NrVL._AC_SX450_.jpg
https://www.amazon.sa//-/en/Moulinex-Processor-Attachments-Fp247127-warranty/dp/B07R81RCMJ/ref=sr_1_55?qid=1686411429&s=home&sr=1-55,"        Moulinex Easy Force Food Processor, 800 Watts, 6 Attachments, White, Fp247127, min 2 yrs warranty       ",218,4.0 out of 5 stars,220 ratings,"   Easy Force Multi function Food Processor , 800 Watts , FP247127     All-in-one versatility: 6 must-have attachments for 25 different functions, including slicing, shredding, grating, chopping, kneading, blending, and emulsifying     Moulinex Easy Force Food Processor: your first multifunction food processor     Blender for endless options: discover one food processor for all your cooking needs, with a 1.8 L blender included for flawless smoothies and more Easy to use: speed settings are listed on each attachment, offering total ease-of-use ideal for your first food processor     Easy storage: a smart storage design lets you store all attachments (excluding the blender) within the bowl itself Easy cleaning: all accessories are dishwasher-safe for maximum convenience     High-performance accessories: master all operations with total ease, for flawless slicing, shredding, chopping, kneading, emulsifying, and more Fast and precise: 800W of power, with two speeds and pulse setting    ", B07R81RCMJ ,,https://m.media-amazon.com/images/I/61JqF2IOOSL._AC_SX450_.jpg
https://www.amazon.sa//-/en/Coffee-Borosilicate-Stainless-Durable-Resistant/dp/B07W5WKWQK/ref=sr_1_56?qid=1686411429&s=home&sr=1-56,"        Bigg Coffee French Press Coffee and Tea Maker, Borosilicate Glass Coffee Press, Stainless Steel Filter, Durable and Heat Resistant, Black (350 ml, 11.80 oz, 2 Cup)       ",13,3.3 out of 5 stars,195 ratings,"   HIGH QUALITY: The biggcoffee french press coffee maker is a beautiful cafetiere with food grade borosilicate glasses and durable plastic frame. The handle of biggcoffee french press coffee maker is heat resistant to prevent burns and heat exposure     BOROSILICATE GLASS BEAKER: The french press made of borosilicate glass is ultra light and strong coffee maker mechanism     EASY TO USE : Just need add coffee and hot water into glass, put the filter down. It is easy use to makes some delicious, well-filtered coffee     STYLISH GIFT FOR COFFEE LOVERS: The biggcoffee french press coffee maker or french press cafetiere, promises a pleasantly full-bodied and flavoured coffee. unlike other coffee makers, this design ensures the water and coffee remain in contact longer, resulting in rich, delicious aroma and taste     CAPACITY & CLEANING : This french press coffee maker is 11.83 oz/350ml, has a capacity of making 2 cups classic french press coffee . This coffee maker is suitable to be used for party, afternoon tea, relaxing place. We recommend cleaning the coffee pot shortly after use as the coffee pot may discolour if the coffee grounds remain in the pot for too long. It is possible to wash the coffee french press by hand    ", B07W5WKWQK ,MSS.FBA,https://m.media-amazon.com/images/I/51PKWmMK+cL._AC_SY450_.jpg
https://www.amazon.sa//-/en/Nutricook-Rapid-Cooker-Which-NC-EC360/dp/B07RCG9YQC/ref=sr_1_57?qid=1686411429&s=home&sr=1-57,        Nutricook Rapid Egg Cooker with Tray Which Holds upto 7 Eggs | Model No NC-EC360       ,49,4.4 out of 5 stars,"1,637 ratings","   You‚Äôve got options - Enjoy your Egg in Soft, Medium or Hard Boiled Style.     Simply press the button for perfectly cooked eggs.     Our egg cooker comes with an egg tray which holds upto 7 Eggs.     Trusted and Reliable: 2 Years Brand Warranty    ", B07RCG9YQC ,,https://m.media-amazon.com/images/I/61K6z79DhYL._AC_SX450_.jpg
https://www.amazon.sa//-/en/Split-AC-Adjustable-flow-Deflector/dp/B07VWJ82WJ/ref=sr_1_58?qid=1686411429&s=home&sr=1-58,        Split AC Adjustable flow Deflector       ,64,4.0 out of 5 stars,219 ratings,"   Manufacturer Number : 3254846565     Brand : Other     Color : Clear     Compatible With : Air Conditioners & Coolers     Type : Air Flow Deflector     Are batteries needed to power the product or is this product a battery : 0     Is this a Dangerous Good or a Hazardous Material, Substance or Waste that is regulated for transportation, storage, and/or disposal? : 0    ",3254846565,B07VWJ82WJ,https://m.media-amazon.com/images/I/51cZUL6hpfL._AC_SY355_.jpg
https://www.amazon.sa//-/en/Super-General-Conditioner-compressor-KSGA18NE/dp/B0BXJKP8HV/ref=sr_1_49?qid=1686411429&s=home&sr=1-49,"        Super General 1.5 Ton Window Air Conditioner, 18000 BTU, Rotary compressor, KSGA18NE, White, With Two Years Warranty       ","1,249",4.8 out of 5 stars,9 ratings,   Auto-restart     Self- evaporative system     Auto-defrosting     Climate Type: T3     Compressor type: rotary    , B0BXJKP8HV ,,https://m.media-amazon.com/images/I/71nwL4QQOeS._AC_SX425_.jpg
https://www.amazon.sa//-/en/Portable-FlowerIce-Personal-Smoothies-Handheld/dp/B088QX88S3/ref=sr_1_50?qid=1686411429&s=home&sr=1-50,"        Portable Blender by FlowerIce,Personal Size Blender Juicer Cup,Smoothies and Shakes Blender,Handheld Fruit Machine,Ice Blender Mixer Home (pink)       ",33,3.9 out of 5 stars,"1,381 ratings","   Safety & Food-Grade Material - Portable blender juicer cup is made of food-grade non-toxic and eco-friendly PP & ABS material, BPA free, you can enjoy fresh nutrient retention and wonderful leisure time.     Blade Update for Superb Mixing - The updated version personal blender with six blades in 3d for superb mixing, has stronger power than traditional 4 personal blender, which can effortlessly pulverize fruits, vegetables into amazing smoothies. It doesn‚Äôt leave chunks of fruit and ice and no noisy like traditional blenders.     Multi USB charging & Portable - The Portable blender juicer cup comes equipped with a built-in 2000mAh USB rechargeable battery that can be easily charged by power bank, laptop, computer, mobile phones or other USB devices. 3 hours charges for 12 cups of blender juice.     Easy and Safe Cleaning ‚Äì It has mart safety protection device, magnetic sensing switch ultra safe to use and clean, the juicer cup's body and bottom can be separated, put the water into the cup, press the button with automatic cleaning. Easy to handle, save your time.     Multi-function - This handhold blender mix kinds of fruit and vegetables, you can make natural tasty juice, milkshake, smoothie and other baby food. It's very portable for traveling, outdoor. (Note: Please make sure the red arrow on the cup line up with the switch before using)    ", B088QX88S3 ,Muj Store,https://m.media-amazon.com/images/I/71xwPRo3efL._AC_SY450_.jpg
https://www.amazon.sa//-/en/Nikai-liters-Refrigerator-NRF110N23S-Warranty/dp/B00B5CZYTE/ref=sr_1_51?qid=1686411429&s=home&sr=1-51,"        Nikai 85 liters 3 Cuft Mini Refrigerator, Silver | Model No NRF110N23S |Two Years Warranty       ",449,4.1 out of 5 stars,353 ratings,"   For Installations Call - Riyadh(+966 -11- 4094006 Ext ‚Äì 113), Jeddah(+966- 12- 6577714)     Dammam(+966-13- 8343691), Qassim(+966 581044198), Abha(+966 593322785)     With temperature adjustable thermostat     With easy access recess handle     Power saving silent and tropical compressor     With chrome glass shelf     With mini super chill compartment     Cooling Type/Door: Defrost/Single    ", B00B5CZYTE ,,https://m.media-amazon.com/images/I/51GLbL1vZjL._AC_SY445_.jpg
https://www.amazon.sa//-/en/Portable-Conditioner-Personal-Humidifier-Purification/dp/B08BWHGMB1/ref=sr_1_52?qid=1686411429&s=home&sr=1-52,        Decdeal Portable Air Conditioner Personal Desktop Air Cooler Humidifier Air Purification USB Mini Fan with 7 Color LED Light for Home or Office       ,63,2.9 out of 5 stars,72 ratings,"   ‚òÖ 3-in-1 function of air cooler, humidifier and air purifier, multifunctional mini fan for home or work use.     ‚òÖ Strong wind with 3 adjustable levels, quiet operation. 500ml large tank, add water or ice for cooler effect.     ‚òÖ By swinging up and down manually, 90¬∞ wide angle provides cooling air for the whole room.     ‚òÖ Detachable and washable filter provides fresh air, drawer design for easy cleaning.     ‚òÖ USB supply, low energy consumption. 7 color LED lights, can be used as sleep night light.    ",PYDECDEALH33007KTSA,B08BWHGMB1,https://m.media-amazon.com/images/I/51ARG3gqAOL._AC_SY450_.jpg
https://www.amazon.sa//-/en/Refura-non-stick-indicator-protection-appliances/dp/B0BN3653FW/ref=sr_1_53?qid=1686411429&s=home&sr=1-53,"        Refura 2 slice non-stick sandwich grill 750w re-910 sandwich maker/panini presses with handle locking system, indicator light, overheat protection | appliances, black       ",56,4.1 out of 5 stars,15 ratings,"   Breakfast Sandwich Maker: With Refura sandwich maker machine, you can enjoy caf√© like crisp and brown grill sandwiches at your home. It works at 750W wattage and helps in even cooking of ingredients inside.     Large Grill Plate: In this grill sandwich maker, one can easily cook two sandwiches simultaneously. The non-stick coated grill plate does not allow residue to sustain and ensures that cleaning requires minimal effort.     Construction & Design: This compact sandwich maker grill, has stainless steel outer surface that adds to its durability and aesthetic appeal. It is equipped with a convenient cool-touch handle and locking system that reduces the chances of burnt fin     Easy to use: Refura sandwich griller has a red and green light indicator to alert the user when the sandwich is ready to be taken out. The overheat protection mechanism cuts off the power supply and ensures that the sandwich does not burn due to ov     Product Specifications: This kitchen sandwich maker has anti-skid legs that add height and sturdiness to it. It works on the standard power supply of 220-240V -50/60Hz.     2 Years Manufacturer Warranty     Perfect for Cooking Burger & Grilled Cheese    ", B0BN3653FW ,,https://m.media-amazon.com/images/I/717zFTUH6wL._AC_SX466_.jpg
https://www.amazon.sa//-/en/Nikai-Electric-Performance-Nf755N2-Warranty/dp/B07NYZLVY9/ref=sr_1_57?qid=1686411429&s=home&sr=1-57,        Nikai Electric Table Fan With High Performance Copper Motor | Model No Nf755N2 |Two Years Warranty       ,89,3.9 out of 5 stars,597 ratings,   High performance copper motor     Super-silent circulation     5 Leaf Pp Blades     60 Minutes timer 3 speed control     Made of high quality material    , B07NYZLVY9 ,Al jazera Hyper Market,https://m.media-amazon.com/images/I/81iZhSQ+nxL._AC_SX466_.jpg
https://www.amazon.sa//-/en/Purifier-28-m%C2%B2-Filtration-Purifies/dp/B09XHVVVSW/ref=sr_1_58?qid=1686411429&s=home&sr=1-58,"        Air Purifier for Bedroom Up to 28 m¬≤|H13 True Hepa Filter 24Db|360¬∞ Air Intake with 5-Stage Filtration,|Air Cleaner Remove 99.99% Dust Smoke Pollen Dander (Purifies up to 28 m¬≤)       ",240,3.9 out of 5 stars,92 ratings,"   ‚ù§Ô∏è„ÄêFaster and more energy efficient„ÄëFilters air 2x per hour in 20 m¬≤, it only takes An Hour to purify a 46m¬≤ room. Its working power is only 12 watts and the daily power consumption is less than 0.28kWh..     ‚ù§Ô∏è„ÄêTRUE HEPA H13 FILTER„ÄëImported HEPA Filter and High-Efficiency Activated Carbon Filter capture the allergies and pets, smoke and remove 99.99% of pet dander,dust,pollen,odour,etc. Effectively improving indoor air quality.Filters particles as small as 0.1 microns and air pollution of PM 2.5     ‚ù§Ô∏è„ÄêJust 24 db & No light interference & Can be timed„ÄëLow white noise machine maker. Put this air filter in bedroom. Customize the running time of the air purifier 4H, enjoying your sweet night without any afford     ‚ù§Ô∏è„ÄêMaintain the best performance„ÄëIt comes with a replaceable filter that has a lifespan of 800 hours. When you start to use the air purifier, the countdown for the filter starts too. The power indicator will be in red when it reaches 800 hours, reminding you to change the filter    ", B09XHVVVSW ,BOB-KSA,https://m.media-amazon.com/images/I/61dgbuNhexL._AC_SY450_.jpg
https://www.amazon.sa//-/en/Portable-Conditioner-Cooler-Cooling-Conditioning/dp/B0BYNZTKF3/ref=sr_1_59?qid=1686411429&s=home&sr=1-59,"        Portable Mini Air Conditioner, Air Cooler Fan, Water Cooling Fan, Air Conditioning air cooler For Office Mobile Air Conditioner       ",154,,,"   Rapid cooling, humidification and atomization     Six speed wind control     6 hours time off     Night light design     Blow the air at a wide Angle    ",AR2055,B0BYNZTKF3,https://m.media-amazon.com/images/I/51WSwDcTJAL._AC_SY355_.jpg
https://www.amazon.sa//-/en/Nikai-Microwave-Function-NMO515N8NX-Warranty/dp/B0842J1SGL/ref=sr_1_60?qid=1686411429&s=home&sr=1-60,        Nikai 20 Liter 700W Microwave with Auto Menu Function | Model No NMO515N8NX with 2 Years Warranty       ,199,4.3 out of 5 stars,382 ratings,"   Renders 5 levels of power to select the intensity at which you want your food cooked     Auto menu function automatically cooks your food, according to its nature, accurately and evenly     Provides defrost function which offers you quick and efficient cooking     Comes with a clearly visible digital display panel for added functionality     Provides quick and easy meal preparation     Ensures that all the nutrients contained in the food are preserved    ",NMO515N8NX,B0842J1SGL,https://m.media-amazon.com/images/I/91G+yulbCKL._AC_SX355_.jpg
https://www.amazon.sa//-/en/Nikai-Double-Electric-Nktoe5N2-warranty/dp/B0773V3XL6/ref=sr_1_61?qid=1686411429&s=home&sr=1-61,"        Nikai Double Electric Hot Plate|2500W|50/60Hz|Model No Nktoe5N2, min 2 yrs warranty       ",109,4.2 out of 5 stars,133 ratings,   Adjustable thermostat control power indicator light     Die cast Iron hot plates 188MM/155MM Stainless Steel Body     Twin hot plates     Adjustable thermostat control     Power indicator light     Overheat protection    , B0773V3XL6 ,,https://m.media-amazon.com/images/I/812ely+4zfL._AC_SX450_.jpg
https://www.amazon.sa//-/en/Deflector-Preventing-Retractable-Windshield-Installation/dp/B09BD32PXZ/ref=sr_1_62?qid=1686411429&s=home&sr=1-62,"        Split AC Air Flow Deflector, Preventing AC from Blowing Directly, Retractable AC Windshield, Universal Free Installation       ",118,3.9 out of 5 stars,32 ratings,"   „ÄêINSTALL IN ONE SECOND„Äë -- no punching, no glue, open the hook rod, and then hang it on the air conditioner     „ÄêANTI-CONDENSATION„Äë -- dense hole design to prevent accumulation of condensate     „ÄêPREVENT DIRECT BLOWING„Äë -- evenly distribute more than 3000 pores, soft feeling and guide wind, peace of mind and comfort     „ÄêSCALABLE„Äë -- 180 degrees freely adjustable, wind direction can be controlled at will     „ÄêENVIRONMENTALLY FRIENDLY MATERIALS„Äë -- PPA environmentally friendly high temperature resistant materials, not easy to deform, no pictures and no smell, can be used by pregnant women and babies    ", B09BD32PXZ ,BigBigWorld_ksa,https://m.media-amazon.com/images/I/61772OpFfAL._AC_SY450_.jpg
https://www.amazon.sa//-/en/Easylifeses-Electric-Processor-Stainless-Vegetables/dp/B09V5CSZ5W/ref=sr_1_63?qid=1686411429&s=home&sr=1-63,"        Easylifeses Meat Grinder Electric,garlic press, UK plug Food Processor 2L Stainless Steel Meat Blender Food Chopper for Meat, Vegetables, Fruits and Nuts with 4 Sharp Blades       ",49,3.2 out of 5 stars,45 ratings,"   1.[MULTI-FUNCTIONAL FOOD CHOPPER] : This food grinder is equipped with 4 stainless steel blades and 2 modes to choose from. You can chop, grind various ingredients, such as onions, meat, ham, garlic     2.[SHARP AND EFFICIENT ]Ôºõ The electric meat grinder comes with real power 250W, which is more efficient and fast. 4 stainless steel blades 4D design allows the upper and lower blades to evenly chop food from every angle of 360 degrees     3.[BIG CAPACITY AND DURABILITY ]: Easylifeses chopper is equipped with a stainless steel bowl and 2L capacity. Compared with glass bowls, it is stronger, healthier and shock-proof, ensuring durability. The joint connection between blade and the main body is made of stainless steel unlike other plastic one thus the blade is not easy to break off     4.[EASY TO CLEAN FOR USER]:FRIENDLY DESIGN - The unit can be disassembled and the accessories are easier to clean. The chopper comes with a non-slip mat, you can put the bowl on the mat     5. Amazon's official FBA logistics delivery, the fastest can arrive the next day, don't worry about the delivery speed    ", B09V5CSZ5W ,Weshop world,https://m.media-amazon.com/images/I/71w+4ysICSL._AC_SY450_.jpg
https://www.amazon.sa//-/en/MIBRU-Coffee-Reusable-Specialty-%D8%A8%D8%A7%D9%84%D8%AA%D9%82%D8%B7%D9%8A%D8%B1/dp/B0BVZNVMN7/ref=sr_1_64?qid=1686411429&s=home&sr=1-64,        MIBRU Coffee Quick Reusable Drip Set 4 IN 1 Specialty Coffee Drip Kit ÿ∑ŸÇŸÖ ÿ®ÿßŸÑÿ™ŸÇÿ∑Ÿäÿ±       ,105,3.0 out of 5 stars,3 ratings,"   4-in-1 Coffee Drip Set with Washable and Reusable Filter Set for drip coffee lovers     ‚òïMIBRU Glass bowl with stainless steel filter and heat resistant handle suitable 400ML capacity Ÿàÿπÿßÿ° ÿ®ŸÅŸÑÿ™ÿ± ÿ≥ÿ™ÿßŸÜŸÑÿ≥ ÿ≥ÿ™ŸäŸÑ     ‚òïMIBRU Manual Coffee Grinder, Manual Coffee Grinder Portable Hand Coffee Grinder with Adjustable Setting Stainless Steel Coffee Mill for Drip Coffee Espresso for Home ÿ∑ÿßÿ≠ŸàŸÜÿ© ŸäÿØŸàŸäÿ© (Matte Black)     ‚òïMIBRU Coffee Filter Permanent Pour Over Coffee Dripper Paperless Drip Cup Stainless Steel Coffee Filter for Manual Coffee Maker ŸÅŸÑÿ™ÿ± ŸÇŸáŸàÿ©     ‚òï MIBRU Coffee drip pitcher made of stainless steel with a small spout and a long neck for pouring coffee 350ml ÿßÿ®ÿ±ŸäŸÇ ÿ™ŸÇÿ∑Ÿäÿ± ÿßŸÑŸÇŸáŸàÿ©     ‚òïDrip coffee preparation tools Glass pot with filter No need to use paper filter Coffee paper Easy to use and drip Enjoy a delicious cup of coffee at all times and anywhere Professional group Quick-to-prepare package     ‚òï„ÄêMIBRU CUSTOMER SATISFACTION „ÄëWe are a manufacturer focus on coffee tools want to make every effort to make sure that our customers enjoy nice purchase experience. If you have any problem With our products please contact us first, we would try our best to help you, we don't compromise even a single percent on customer satisfaction that's we offer 100% money back guarantee to our customers. If you are not satisfied, you can easily return and can get your money back without any worries.    ", B0BVZNVMN7 ,Jumla Tech,https://m.media-amazon.com/images/I/71XEW6gOR8L._AC_SX466_.jpg
https://www.amazon.sa//-/en/QAHWA-Electric-Gooseneck-Kettle-Temperature/dp/B0C6J1HGQB/ref=sr_1_65?qid=1686411429&s=home&sr=1-65,"        QAHWA Electric Gooseneck Kettle - 304 Stainless Steel Coffee and Tea Pot, Automatic Temperature Control and Constant Temperature, Quick Heating (BLack)       ",185,,,"   „ÄêMULTIFUNCTION ELECTRIC KETTLE„Äë - Boiling water, making tea, brewing coffee, dechlorinating, maintaining a constant temperature, is a good helper for your work and life. A stainless steel gooseneck kettle that pours as good as it looks for the ultimate brewing experience     „ÄêPRECISION POUR„Äë - Sleek pointed spout is designed for a powerful but precise stream for the optimal pour over flow rate, and the counterbalanced handle provides a sturdy grip encouraging a slower pour     „ÄêTEMPERATURE MATTERS„Äë - Speed up your brewing process with and its 1000 watt quick-heating element for boiling water. the-degree temperature control makes perfecting your manual cup of coffee or steeped tea a breeze     „ÄêBREW LIKE A PRO„Äë - A sleek LCD display screen indicates the desired Set Temp & Real-Time Temp for your drip coffee or tea; 4 minutes quick heat; engage the hold toggle, and your water will keep hot for up to 24 hours     „ÄêWELL CRAFTED KETTLE„Äë - Aesthetically beautiful and quality made 304 stainless steel kettle body and lid with a minimalist base; Simple aesthetic meets powerful design! Has a 0.9 Liter boiling capacity;    ", B0C6J1HGQB ,QAHWA.,https://m.media-amazon.com/images/I/41l9YcBAMKL._AC_SY450_.jpg
https://www.amazon.sa//-/en/Saif-Elec-Electric-Turkish-E03424-warranty/dp/B08HM5J164/ref=sr_1_66?qid=1686411429&s=home&sr=1-66,"        Al Saif-Elec 0.25 Litres 400W Electric Turkish Coffee Maker | Model No E03424, min 2 yrs warranty       ",112,4.2 out of 5 stars,159 ratings,"   Modern Turkish Coffee Machine     Enjoy Making Your Own Fresh Turkish Coffee!     This turkish coffee machines from Al-Saif, is characterized by a set of specifications that make it suitable for many kitchens and offices. It is of suitable size and elegant design that makes it a masterpiece and decoration inside your kitchen or office. Al-Saif Turkish Coffee Maker prepares delicious cups of coffee in a short time , it helps you to start your day with your favorite hot drink through the push of a button with ease, the machine operates with a motor of 480 Ws and it is ideal for saving energy.     The machine provides up to 3 cups of coffee at once within few minutes, you can operate the machine easily as it contains one control button, it is easy to clean and is safe for use in the dishwasher.     Modern Turkish Coffee Machine Specifications: Capacity: 250 ml Power: 400-480 W Model Number: E03423 | E03424 | E03425 Available Colours: Grey and Black | Grey and White | Grey and Red Voltage: 220-240 V Frequency: 50-60 Hz     Guaranteed from the supplied company two years    ", B08HM5J164 ,ALMUFARREJ,https://m.media-amazon.com/images/I/51prMfyz82S._AC_SX450_.jpg
https://www.amazon.sa//-/en/Moulinex-Blender-Stainless-Dd451127-warranty/dp/B0831KLHL1/ref=sr_1_67?qid=1686411429&s=home&sr=1-67,"        Moulinex Easy Chef Hand Blender With 800 Ml Beaker, 450W, White, Plastic/Stainless Steel, Dd451127, min 2 yrs warranty       ",119,4.4 out of 5 stars,268 ratings,"   Hand Blender Easy Chef, 450W, 2 Speeds     Stainless Steel     2 Blades     Beaker 800ml     White color    ", B0831KLHL1 ,,https://m.media-amazon.com/images/I/61M8sRFmThS._AC_SY879_.jpg
https://www.amazon.sa//-/en/HOOPZOZA-Dripper-filter-set-600/dp/B0B2PDRJKV/ref=sr_1_68?qid=1686411429&s=home&sr=1-68,        HOOPZOZA 600ml Glass Coffee Pot Drip Filter with Tick Marks for Drip Coffee Maker Coffee Dripper (A-pot filter set 600)       ,54,4.2 out of 5 stars,37 ratings,"   „ÄêCoffee Pot With Filter„ÄëGlass coffee pot with tick marks and Glass drip filter , capacity 600mL     „ÄêTick Marks„ÄëThere are very clear tick marks on the coffee pot, concise and clear     „ÄêBorosilicate glass„Äëthe glass coffee pot is made of borosilicate glass, it is lighter, stronger, and more resistant to temperature changes,Can withstand instantaneous 180¬∞ temperature changes, The coffee maker can be directly heated     „ÄêMultipurpose„ÄëThe cup can be¬†used for coffee pot,milk measuring cup ,drip coffee maker     „ÄêGood gift„ÄëSplit design and easy to clean, no discoloration, Enjoy coffee with your Lover, family,colleagues, friends and gift for new year, birthday,student cup    ", B0B2PDRJKV ,hoopzoza,https://m.media-amazon.com/images/I/61-H4daqqmL._AC_SY450_.jpg
